id,season,city,date,match_type,player_of_match,venue,team1,team2,toss_winner,toss_decision,winner,result,result_margin,target_runs,target_overs,super_over,method,umpire1,umpire2
1359475,2023,Ahmedabad,2023-03-31,League,Rashid Khan,"Narendra Modi Stadium, Ahmedabad",Chennai Super Kings,Gujarat Titans,Gujarat Titans,field,Gujarat Titans,wickets,5.0,179.0,20.0,N,,Nitin Menon,HAS Khalid
1359476,2023,Chandigarh,2023-04-01,League,Arshdeep Singh,"Punjab Cricket Association IS Bindra Stadium, Mohali, Chandigarh",Punjab Kings,Kolkata Knight Riders,Kolkata Knight Riders,field,Punjab Kings,runs,7.0,154.0,16.0,N,D/L,BNJ Oxenford,YC Barde
1359477,2023,Lucknow,2023-04-01,League,MA Wood,"Bharat Ratna Shri Atal Bihari Vajpayee Ekana Cricket Stadium, Lucknow",Lucknow Super Giants,Delhi Capitals,Delhi Capitals,field,Lucknow Super Giants,runs,50.0,194.0,20.0,N,,AK Chaudhary,NA Patwardhan
1359478,2023,Hyderabad,2023-04-02,League,JC Buttler,"Rajiv Gandhi International Stadium, Uppal, Hyderabad",Rajasthan Royals,Sunrisers Hyderabad,Sunrisers Hyderabad,field,Rajasthan Royals,runs,72.0,204.0,20.0,N,,KN Ananthapadmanabhan,R Pandit
1359479,2023,Bengaluru,2023-04-02,League,F du Plessis,"M Chinnaswamy Stadium, Bengaluru",Mumbai Indians,Royal Challengers Bangalore,Royal Challengers Bangalore,field,Royal Challengers Bangalore,wickets,8.0,172.0,20.0,N,,Nitin Menon,Tapan Sharma
1359480,2023,Chennai,2023-04-03,League,MM Ali,"MA Chidambaram Stadium, Chepauk, Chennai",Chennai Super Kings,Lucknow Super Giants,Lucknow Super Giants,field,Chennai Super Kings,runs,12.0,218.0,20.0,N,,A Totre,BNJ Oxenford
1359481,2023,Delhi,2023-04-04,League,B Sai Sudharsan,"Arun Jaitley Stadium, Delhi",Delhi Capitals,Gujarat Titans,Gujarat Titans,field,Gujarat Titans,wickets,6.0,163.0,20.0,N,,A Nand Kishore,GR Sadashiv Iyer
1359482,2023,Guwahati,2023-04-05,League,NT Ellis,"Barsapara Cricket Stadium, Guwahati",Punjab Kings,Rajasthan Royals,Rajasthan Royals,field,Punjab Kings,runs,5.0,198.0,20.0,N,,KN Ananthapadmanabhan,MV Saidharshan Kumar
1359483,2023,Kolkata,2023-04-06,League,SN Thakur,"Eden Gardens, Kolkata",Kolkata Knight Riders,Royal Challengers Bangalore,Royal Challengers Bangalore,field,Kolkata Knight Riders,runs,81.0,205.0,20.0,N,,Vinod Seshan,VK Sharma
1359484,2023,Lucknow,2023-04-07,League,KH Pandya,"Bharat Ratna Shri Atal Bihari Vajpayee Ekana Cricket Stadium, Lucknow",Sunrisers Hyderabad,Lucknow Super Giants,Sunrisers Hyderabad,bat,Lucknow Super Giants,wickets,5.0,122.0,20.0,N,,J Madanagopal,YC Barde
1359485,2023,Guwahati,2023-04-08,League,YBK Jaiswal,"Barsapara Cricket Stadium, Guwahati",Rajasthan Royals,Delhi Capitals,Delhi Capitals,field,Rajasthan Royals,runs,57.0,200.0,20.0,N,,Navdeep Singh,MV Saidharshan Kumar
1359486,2023,Mumbai,2023-04-08,League,RA Jadeja,"Wankhede Stadium, Mumbai",Mumbai Indians,Chennai Super Kings,Chennai Super Kings,field,Chennai Super Kings,wickets,7.0,158.0,20.0,N,,CB Gaffaney,NA Patwardhan
1359487,2023,Ahmedabad,2023-04-09,League,RK Singh,"Narendra Modi Stadium, Ahmedabad",Gujarat Titans,Kolkata Knight Riders,Gujarat Titans,bat,Kolkata Knight Riders,wickets,3.0,205.0,20.0,N,,Nitin Menon,Tapan Sharma
1359488,2023,Hyderabad,2023-04-09,League,S Dhawan,"Rajiv Gandhi International Stadium, Uppal, Hyderabad",Punjab Kings,Sunrisers Hyderabad,Sunrisers Hyderabad,field,Sunrisers Hyderabad,wickets,8.0,144.0,20.0,N,,BNJ Oxenford,UV Gandhe
1359489,2023,Bengaluru,2023-04-10,League,N Pooran,"M Chinnaswamy Stadium, Bengaluru",Royal Challengers Bangalore,Lucknow Super Giants,Lucknow Super Giants,field,Lucknow Super Giants,wickets,1.0,213.0,20.0,N,,AK Chaudhary,A Nand Kishore
1359490,2023,Delhi,2023-04-11,League,RG Sharma,"Arun Jaitley Stadium, Delhi",Delhi Capitals,Mumbai Indians,Mumbai Indians,field,Mumbai Indians,wickets,6.0,173.0,20.0,N,,MA Gough,R Pandit
1359491,2023,Chennai,2023-04-12,League,R Ashwin,"MA Chidambaram Stadium, Chepauk, Chennai",Rajasthan Royals,Chennai Super Kings,Chennai Super Kings,field,Rajasthan Royals,runs,3.0,176.0,20.0,N,,Vinod Seshan,VK Sharma
1359492,2023,Chandigarh,2023-04-13,League,MM Sharma,"Punjab Cricket Association IS Bindra Stadium, Mohali, Chandigarh",Punjab Kings,Gujarat Titans,Gujarat Titans,field,Gujarat Titans,wickets,6.0,154.0,20.0,N,,A Totre,J Madanagopal
1359493,2023,Kolkata,2023-04-14,League,HC Brook,"Eden Gardens, Kolkata",Sunrisers Hyderabad,Kolkata Knight Riders,Kolkata Knight Riders,field,Sunrisers Hyderabad,runs,23.0,229.0,20.0,N,,CB Gaffaney,GR Sadashiv Iyer
1359494,2023,Bengaluru,2023-04-15,League,V Kohli,"M Chinnaswamy Stadium, Bengaluru",Royal Challengers Bangalore,Delhi Capitals,Delhi Capitals,field,Royal Challengers Bangalore,runs,23.0,175.0,20.0,N,,KN Ananthapadmanabhan,MV Saidharshan Kumar
1359495,2023,Lucknow,2023-04-15,League,Sikandar Raza,"Bharat Ratna Shri Atal Bihari Vajpayee Ekana Cricket Stadium, Lucknow",Lucknow Super Giants,Punjab Kings,Punjab Kings,field,Punjab Kings,wickets,2.0,160.0,20.0,N,,HAS Khalid,VK Sharma
1359496,2023,Mumbai,2023-04-16,League,VR Iyer,"Wankhede Stadium, Mumbai",Kolkata Knight Riders,Mumbai Indians,Mumbai Indians,field,Mumbai Indians,wickets,5.0,186.0,20.0,N,,BNJ Oxenford,UV Gandhe
1359497,2023,Ahmedabad,2023-04-16,League,SO Hetmyer,"Narendra Modi Stadium, Ahmedabad",Gujarat Titans,Rajasthan Royals,Rajasthan Royals,field,Rajasthan Royals,wickets,3.0,178.0,20.0,N,,AK Chaudhary,CB Gaffaney
1359498,2023,Bengaluru,2023-04-17,League,DP Conway,"M Chinnaswamy Stadium, Bengaluru",Chennai Super Kings,Royal Challengers Bangalore,Royal Challengers Bangalore,field,Chennai Super Kings,runs,8.0,227.0,20.0,N,,KN Ananthapadmanabhan,Navdeep Singh
1359499,2023,Hyderabad,2023-04-18,League,C Green,"Rajiv Gandhi International Stadium, Uppal, Hyderabad",Mumbai Indians,Sunrisers Hyderabad,Sunrisers Hyderabad,field,Mumbai Indians,runs,14.0,193.0,20.0,N,,Nitin Menon,Vinod Seshan
1359500,2023,Jaipur,2023-04-19,League,MP Stoinis,"Sawai Mansingh Stadium, Jaipur",Lucknow Super Giants,Rajasthan Royals,Rajasthan Royals,field,Lucknow Super Giants,runs,10.0,155.0,20.0,N,,J Madanagopal,YC Barde
1359501,2023,Chandigarh,2023-04-20,League,Mohammed Siraj,"Punjab Cricket Association IS Bindra Stadium, Mohali, Chandigarh",Royal Challengers Bangalore,Punjab Kings,Punjab Kings,field,Royal Challengers Bangalore,runs,24.0,175.0,20.0,N,,AK Chaudhary,GR Sadashiv Iyer
1359502,2023,Delhi,2023-04-20,League,I Sharma,"Arun Jaitley Stadium, Delhi",Kolkata Knight Riders,Delhi Capitals,Delhi Capitals,field,Delhi Capitals,wickets,4.0,128.0,20.0,N,,MA Gough,R Pandit
1359503,2023,Chennai,2023-04-21,League,RA Jadeja,"MA Chidambaram Stadium, Chepauk, Chennai",Sunrisers Hyderabad,Chennai Super Kings,Chennai Super Kings,field,Chennai Super Kings,wickets,7.0,135.0,20.0,N,,HAS Khalid,VK Sharma
1359504,2023,Lucknow,2023-04-22,League,MM Sharma,"Bharat Ratna Shri Atal Bihari Vajpayee Ekana Cricket Stadium, Lucknow",Gujarat Titans,Lucknow Super Giants,Gujarat Titans,bat,Gujarat Titans,runs,7.0,136.0,20.0,N,,A Totre,RJ Tucker
1359505,2023,Mumbai,2023-04-22,League,SM Curran,"Wankhede Stadium, Mumbai",Punjab Kings,Mumbai Indians,Mumbai Indians,field,Punjab Kings,runs,13.0,215.0,20.0,N,,CB Gaffaney,GR Sadashiv Iyer
1359506,2023,Bengaluru,2023-04-23,League,GJ Maxwell,"M Chinnaswamy Stadium, Bengaluru",Royal Challengers Bangalore,Rajasthan Royals,Rajasthan Royals,field,Royal Challengers Bangalore,runs,7.0,190.0,20.0,N,,MA Gough,MV Saidharshan Kumar
1359507,2023,Kolkata,2023-04-23,League,AM Rahane,"Eden Gardens, Kolkata",Chennai Super Kings,Kolkata Knight Riders,Kolkata Knight Riders,field,Chennai Super Kings,runs,49.0,236.0,20.0,N,,Nitin Menon,Tapan Sharma
1359508,2023,Hyderabad,2023-04-24,League,AR Patel,"Rajiv Gandhi International Stadium, Uppal, Hyderabad",Delhi Capitals,Sunrisers Hyderabad,Delhi Capitals,bat,Delhi Capitals,runs,7.0,145.0,20.0,N,,J Madanagopal,RJ Tucker
1359509,2023,Ahmedabad,2023-04-25,League,A Manohar,"Narendra Modi Stadium, Ahmedabad",Gujarat Titans,Mumbai Indians,Mumbai Indians,field,Gujarat Titans,runs,55.0,208.0,20.0,N,,AK Chaudhary,A Nand Kishore
1359510,2023,Bengaluru,2023-04-26,League,CV Varun,"M Chinnaswamy Stadium, Bengaluru",Kolkata Knight Riders,Royal Challengers Bangalore,Royal Challengers Bangalore,field,Kolkata Knight Riders,runs,21.0,201.0,20.0,N,,KN Ananthapadmanabhan,R Pandit
1359511,2023,Jaipur,2023-04-27,League,YBK Jaiswal,"Sawai Mansingh Stadium, Jaipur",Rajasthan Royals,Chennai Super Kings,Rajasthan Royals,bat,Rajasthan Royals,runs,32.0,203.0,20.0,N,,A Totre,YC Barde
1359512,2023,Chandigarh,2023-04-28,League,MP Stoinis,"Punjab Cricket Association IS Bindra Stadium, Mohali, Chandigarh",Lucknow Super Giants,Punjab Kings,Punjab Kings,field,Lucknow Super Giants,runs,56.0,258.0,20.0,N,,Nitin Menon,Vinod Seshan
1359513,2023,Kolkata,2023-04-29,League,J Little,"Eden Gardens, Kolkata",Kolkata Knight Riders,Gujarat Titans,Gujarat Titans,field,Gujarat Titans,wickets,7.0,180.0,20.0,N,,NA Patwardhan,GR Sadashiv Iyer
1359514,2023,Delhi,2023-04-29,League,MR Marsh,"Arun Jaitley Stadium, Delhi",Sunrisers Hyderabad,Delhi Capitals,Sunrisers Hyderabad,bat,Sunrisers Hyderabad,runs,9.0,198.0,20.0,N,,MA Gough,Navdeep Singh
1359515,2023,Chennai,2023-04-30,League,DP Conway,"MA Chidambaram Stadium, Chepauk, Chennai",Chennai Super Kings,Punjab Kings,Chennai Super Kings,bat,Punjab Kings,wickets,4.0,201.0,20.0,N,,RJ Tucker,UV Gandhe
1359516,2023,Mumbai,2023-04-30,League,YBK Jaiswal,"Wankhede Stadium, Mumbai",Rajasthan Royals,Mumbai Indians,Rajasthan Royals,bat,Mumbai Indians,wickets,6.0,213.0,20.0,N,,Vinod Seshan,VK Sharma
1359517,2023,Lucknow,2023-05-01,League,F du Plessis,"Bharat Ratna Shri Atal Bihari Vajpayee Ekana Cricket Stadium, Lucknow",Royal Challengers Bangalore,Lucknow Super Giants,Royal Challengers Bangalore,bat,Royal Challengers Bangalore,runs,18.0,127.0,20.0,N,,AK Chaudhary,GR Sadashiv Iyer
1359518,2023,Ahmedabad,2023-05-02,League,Mohammed Shami,"Narendra Modi Stadium, Ahmedabad",Delhi Capitals,Gujarat Titans,Delhi Capitals,bat,Delhi Capitals,runs,5.0,131.0,20.0,N,,MA Gough,R Pandit
1359519,2023,Lucknow,2023-05-03,League,,"Bharat Ratna Shri Atal Bihari Vajpayee Ekana Cricket Stadium, Lucknow",Lucknow Super Giants,Chennai Super Kings,Chennai Super Kings,field,,no result,,,,N,,AK Chaudhary,NA Patwardhan
1359520,2023,Chandigarh,2023-05-03,League,Ishan Kishan,"Punjab Cricket Association IS Bindra Stadium, Mohali, Chandigarh",Punjab Kings,Mumbai Indians,Mumbai Indians,field,Mumbai Indians,wickets,6.0,215.0,20.0,N,,J Madanagopal,RJ Tucker
1359521,2023,Hyderabad,2023-05-04,League,CV Varun,"Rajiv Gandhi International Stadium, Uppal, Hyderabad",Kolkata Knight Riders,Sunrisers Hyderabad,Kolkata Knight Riders,bat,Kolkata Knight Riders,runs,5.0,172.0,20.0,N,,KN Ananthapadmanabhan,MA Gough
1359522,2023,Jaipur,2023-05-05,League,Rashid Khan,"Sawai Mansingh Stadium, Jaipur",Rajasthan Royals,Gujarat Titans,Rajasthan Royals,bat,Gujarat Titans,wickets,9.0,119.0,20.0,N,,HAS Khalid,VK Sharma
1359523,2023,Chennai,2023-05-06,League,M Pathirana,"MA Chidambaram Stadium, Chepauk, Chennai",Mumbai Indians,Chennai Super Kings,Chennai Super Kings,field,Chennai Super Kings,wickets,6.0,140.0,20.0,N,,BNJ Oxenford,Navdeep Singh
1359524,2023,Delhi,2023-05-06,League,PD Salt,"Arun Jaitley Stadium, Delhi",Royal Challengers Bangalore,Delhi Capitals,Royal Challengers Bangalore,bat,Delhi Capitals,wickets,7.0,182.0,20.0,N,,RJ Tucker,YC Barde
1359525,2023,Ahmedabad,2023-05-07,League,Shubman Gill,"Narendra Modi Stadium, Ahmedabad",Gujarat Titans,Lucknow Super Giants,Lucknow Super Giants,field,Gujarat Titans,runs,56.0,228.0,20.0,N,,AK Chaudhary,A Nand Kishore
1359526,2023,Jaipur,2023-05-07,League,GD Phillips,"Sawai Mansingh Stadium, Jaipur",Rajasthan Royals,Sunrisers Hyderabad,Rajasthan Royals,bat,Sunrisers Hyderabad,wickets,4.0,215.0,20.0,N,,Nitin Menon,Vinod Seshan
1359527,2023,Kolkata,2023-05-08,League,AD Russell,"Eden Gardens, Kolkata",Punjab Kings,Kolkata Knight Riders,Punjab Kings,bat,Kolkata Knight Riders,wickets,5.0,180.0,20.0,N,,A Totre,J Madanagopal
1359528,2023,Mumbai,2023-05-09,League,SA Yadav,"Wankhede Stadium, Mumbai",Royal Challengers Bangalore,Mumbai Indians,Mumbai Indians,field,Mumbai Indians,wickets,6.0,200.0,20.0,N,,HAS Khalid,VK Sharma
1359529,2023,Chennai,2023-05-10,League,RA Jadeja,"MA Chidambaram Stadium, Chepauk, Chennai",Chennai Super Kings,Delhi Capitals,Chennai Super Kings,bat,Chennai Super Kings,runs,27.0,168.0,20.0,N,,CB Gaffaney,NA Patwardhan
1359530,2023,Kolkata,2023-05-11,League,YBK Jaiswal,"Eden Gardens, Kolkata",Kolkata Knight Riders,Rajasthan Royals,Rajasthan Royals,field,Rajasthan Royals,wickets,9.0,150.0,20.0,N,,RJ Tucker,MV Saidharshan Kumar
1359531,2023,Mumbai,2023-05-12,League,SA Yadav,"Wankhede Stadium, Mumbai",Mumbai Indians,Gujarat Titans,Gujarat Titans,field,Mumbai Indians,runs,27.0,219.0,20.0,N,,Nitin Menon,Tapan Sharma
1359532,2023,Hyderabad,2023-05-13,League,PN Mankad,"Rajiv Gandhi International Stadium, Uppal, Hyderabad",Sunrisers Hyderabad,Lucknow Super Giants,Sunrisers Hyderabad,bat,Lucknow Super Giants,wickets,7.0,183.0,20.0,N,,A Totre,J Madanagopal
1359533,2023,Delhi,2023-05-13,League,P Simran Singh,"Arun Jaitley Stadium, Delhi",Punjab Kings,Delhi Capitals,Delhi Capitals,field,Punjab Kings,runs,31.0,168.0,20.0,N,,CB Gaffaney,NA Patwardhan
1359534,2023,Jaipur,2023-05-14,League,WD Parnell,"Sawai Mansingh Stadium, Jaipur",Royal Challengers Bangalore,Rajasthan Royals,Royal Challengers Bangalore,bat,Royal Challengers Bangalore,runs,112.0,172.0,20.0,N,,KN Ananthapadmanabhan,Navdeep Singh
1359535,2023,Chennai,2023-05-14,League,RK Singh,"MA Chidambaram Stadium, Chepauk, Chennai",Chennai Super Kings,Kolkata Knight Riders,Chennai Super Kings,bat,Kolkata Knight Riders,wickets,6.0,145.0,20.0,N,,Tapan Sharma,Vinod Seshan
1359536,2023,Ahmedabad,2023-05-15,League,Shubman Gill,"Narendra Modi Stadium, Ahmedabad",Gujarat Titans,Sunrisers Hyderabad,Sunrisers Hyderabad,field,Gujarat Titans,runs,34.0,189.0,20.0,N,,J Madanagopal,UV Gandhe
1359537,2023,Lucknow,2023-05-16,League,MP Stoinis,"Bharat Ratna Shri Atal Bihari Vajpayee Ekana Cricket Stadium, Lucknow",Lucknow Super Giants,Mumbai Indians,Mumbai Indians,field,Lucknow Super Giants,runs,5.0,178.0,20.0,N,,AK Chaudhary,A Nand Kishore
1359538,2023,Dharamsala,2023-05-17,League,RR Rossouw,"Himachal Pradesh Cricket Association Stadium, Dharamsala",Delhi Capitals,Punjab Kings,Punjab Kings,field,Delhi Capitals,runs,15.0,214.0,20.0,N,,KN Ananthapadmanabhan,MV Saidharshan Kumar
1359539,2023,Hyderabad,2023-05-18,League,V Kohli,"Rajiv Gandhi International Stadium, Uppal, Hyderabad",Sunrisers Hyderabad,Royal Challengers Bangalore,Royal Challengers Bangalore,field,Royal Challengers Bangalore,wickets,8.0,187.0,20.0,N,,BNJ Oxenford,VK Sharma
1359540,2023,Dharamsala,2023-05-19,League,D Padikkal,"Himachal Pradesh Cricket Association Stadium, Dharamsala",Punjab Kings,Rajasthan Royals,Rajasthan Royals,field,Rajasthan Royals,wickets,4.0,188.0,20.0,N,,A Nand Kishore,RJ Tucker
1359541,2023,Delhi,2023-05-20,League,RD Gaikwad,"Arun Jaitley Stadium, Delhi",Chennai Super Kings,Delhi Capitals,Chennai Super Kings,bat,Chennai Super Kings,runs,77.0,224.0,20.0,N,,CB Gaffaney,NA Patwardhan
1359542,2023,Kolkata,2023-05-20,League,N Pooran,"Eden Gardens, Kolkata",Lucknow Super Giants,Kolkata Knight Riders,Kolkata Knight Riders,field,Lucknow Super Giants,runs,1.0,177.0,20.0,N,,J Madanagopal,UV Gandhe
1359543,2023,Mumbai,2023-05-21,League,C Green,"Wankhede Stadium, Mumbai",Sunrisers Hyderabad,Mumbai Indians,Mumbai Indians,field,Mumbai Indians,wickets,8.0,201.0,20.0,N,,KN Ananthapadmanabhan,RJ Tucker
1359544,2023,Bengaluru,2023-05-21,League,Shubman Gill,"M Chinnaswamy Stadium, Bengaluru",Royal Challengers Bangalore,Gujarat Titans,Gujarat Titans,field,Gujarat Titans,wickets,6.0,198.0,20.0,N,,Nitin Menon,VK Sharma
1370350,2023,Chennai,2023-05-23,Qualifier 1,RD Gaikwad,"MA Chidambaram Stadium, Chepauk, Chennai",Chennai Super Kings,Gujarat Titans,Gujarat Titans,field,Chennai Super Kings,runs,15.0,173.0,20.0,N,,AK Chaudhary,CB Gaffaney
1370351,2023,Chennai,2023-05-24,Eliminator,Akash Madhwal,"MA Chidambaram Stadium, Chepauk, Chennai",Mumbai Indians,Lucknow Super Giants,Mumbai Indians,bat,Mumbai Indians,runs,81.0,183.0,20.0,N,,BNJ Oxenford,VK Sharma
1370352,2023,Ahmedabad,2023-05-26,Qualifier 2,Shubman Gill,"Narendra Modi Stadium, Ahmedabad",Gujarat Titans,Mumbai Indians,Mumbai Indians,field,Gujarat Titans,runs,62.0,234.0,20.0,N,,Nitin Menon,RJ Tucker
1370353,2023,Ahmedabad,2023-05-29,Final,DP Conway,"Narendra Modi Stadium, Ahmedabad",Gujarat Titans,Chennai Super Kings,Chennai Super Kings,field,Chennai Super Kings,wickets,5.0,171.0,15.0,N,D/L,Nitin Menon,RJ Tucker
1422119,2024,Chennai,2024-03-22,League,Mustafizur Rahman,"MA Chidambaram Stadium, Chepauk, Chennai",Royal Challengers Bengaluru,Chennai Super Kings,Royal Challengers Bengaluru,bat,Chennai Super Kings,wickets,6.0,174.0,20.0,N,,HAS Khalid,VK Sharma
1422120,2024,Mohali,2024-03-23,League,SM Curran,"Maharaja Yadavindra Singh International Cricket Stadium, Mullanpur",Delhi Capitals,Punjab Kings,Punjab Kings,field,Punjab Kings,wickets,4.0,175.0,20.0,N,,J Madanagopal,NA Patwardhan
1422121,2024,Kolkata,2024-03-23,League,AD Russell,"Eden Gardens, Kolkata",Kolkata Knight Riders,Sunrisers Hyderabad,Sunrisers Hyderabad,field,Kolkata Knight Riders,runs,4.0,209.0,20.0,N,,R Pandit,YC Barde
1422122,2024,Jaipur,2024-03-24,League,SV Samson,"Sawai Mansingh Stadium, Jaipur",Rajasthan Royals,Lucknow Super Giants,Rajasthan Royals,bat,Rajasthan Royals,runs,20.0,194.0,20.0,N,,A Totre,HDPK Dharmasena
1422123,2024,Ahmedabad,2024-03-24,League,B Sai Sudharsan,"Narendra Modi Stadium, Ahmedabad",Gujarat Titans,Mumbai Indians,Mumbai Indians,field,Gujarat Titans,runs,6.0,169.0,20.0,N,,VA Kulkarni,VK Sharma
1422124,2024,Bengaluru,2024-03-25,League,V Kohli,"M Chinnaswamy Stadium, Bengaluru",Punjab Kings,Royal Challengers Bengaluru,Royal Challengers Bengaluru,field,Royal Challengers Bengaluru,wickets,4.0,177.0,20.0,N,,AK Chaudhary,MV Saidharshan Kumar
1422125,2024,Chennai,2024-03-26,League,S Dube,"MA Chidambaram Stadium, Chepauk, Chennai",Chennai Super Kings,Gujarat Titans,Gujarat Titans,field,Chennai Super Kings,runs,63.0,207.0,20.0,N,,AG Wharf,Tapan Sharma
1422126,2024,Hyderabad,2024-03-27,League,Abhishek Sharma,"Rajiv Gandhi International Stadium, Uppal, Hyderabad",Sunrisers Hyderabad,Mumbai Indians,Mumbai Indians,field,Sunrisers Hyderabad,runs,31.0,278.0,20.0,N,,KN Ananthapadmanabhan,UV Gandhe
1422127,2024,Jaipur,2024-03-28,League,R Parag,"Sawai Mansingh Stadium, Jaipur",Rajasthan Royals,Delhi Capitals,Delhi Capitals,field,Rajasthan Royals,runs,12.0,186.0,20.0,N,,A Nand Kishore,Nitin Menon
1422128,2024,Bengaluru,2024-03-29,League,SP Narine,"M Chinnaswamy Stadium, Bengaluru",Royal Challengers Bengaluru,Kolkata Knight Riders,Kolkata Knight Riders,field,Kolkata Knight Riders,wickets,7.0,183.0,20.0,N,,AK Chaudhary,R Pandit
1422129,2024,Lucknow,2024-03-30,League,MP Yadav,"Bharat Ratna Shri Atal Bihari Vajpayee Ekana Cricket Stadium, Lucknow",Lucknow Super Giants,Punjab Kings,Lucknow Super Giants,bat,Lucknow Super Giants,runs,21.0,200.0,20.0,N,,J Madanagopal,Navdeep Singh
1422130,2024,Ahmedabad,2024-03-31,League,MM Sharma,"Narendra Modi Stadium, Ahmedabad",Sunrisers Hyderabad,Gujarat Titans,Sunrisers Hyderabad,bat,Gujarat Titans,wickets,7.0,163.0,20.0,N,,HAS Khalid,VK Sharma
1422131,2024,Visakhapatnam,2024-03-31,League,KK Ahmed,"Dr. Y.S. Rajasekhara Reddy ACA-VDCA Cricket Stadium, Visakhapatnam",Delhi Capitals,Chennai Super Kings,Delhi Capitals,bat,Delhi Capitals,runs,20.0,192.0,20.0,N,,HDPK Dharmasena,Vinod Seshan
1422132,2024,Mumbai,2024-04-01,League,TA Boult,"Wankhede Stadium, Mumbai",Mumbai Indians,Rajasthan Royals,Rajasthan Royals,field,Rajasthan Royals,wickets,6.0,126.0,20.0,N,,MV Saidharshan Kumar,YC Barde
1422133,2024,Bengaluru,2024-04-02,League,MP Yadav,"M Chinnaswamy Stadium, Bengaluru",Lucknow Super Giants,Royal Challengers Bengaluru,Royal Challengers Bengaluru,field,Lucknow Super Giants,runs,28.0,182.0,20.0,N,,J Madanagopal,NA Patwardhan
1422134,2024,Visakhapatnam,2024-04-03,League,SP Narine,"Dr. Y.S. Rajasekhara Reddy ACA-VDCA Cricket Stadium, Visakhapatnam",Kolkata Knight Riders,Delhi Capitals,Kolkata Knight Riders,bat,Kolkata Knight Riders,runs,106.0,273.0,20.0,N,,A Totre,UV Gandhe
1422135,2024,Ahmedabad,2024-04-04,League,Shashank Singh,"Narendra Modi Stadium, Ahmedabad",Gujarat Titans,Punjab Kings,Punjab Kings,field,Punjab Kings,wickets,3.0,200.0,20.0,N,,Nitin Menon,VA Kulkarni
1422136,2024,Hyderabad,2024-04-05,League,Abhishek Sharma,"Rajiv Gandhi International Stadium, Uppal, Hyderabad",Chennai Super Kings,Sunrisers Hyderabad,Sunrisers Hyderabad,field,Sunrisers Hyderabad,wickets,6.0,166.0,20.0,N,,R Pandit,YC Barde
1422137,2024,Jaipur,2024-04-06,League,JC Buttler,"Sawai Mansingh Stadium, Jaipur",Royal Challengers Bengaluru,Rajasthan Royals,Rajasthan Royals,field,Rajasthan Royals,wickets,6.0,184.0,20.0,N,,AG Wharf,Tapan Sharma
1422138,2024,Mumbai,2024-04-07,League,R Shepherd,"Wankhede Stadium, Mumbai",Mumbai Indians,Delhi Capitals,Delhi Capitals,field,Mumbai Indians,runs,29.0,235.0,20.0,N,,HDPK Dharmasena,UV Gandhe
1422139,2024,Lucknow,2024-04-07,League,Yash Thakur,"Bharat Ratna Shri Atal Bihari Vajpayee Ekana Cricket Stadium, Lucknow",Lucknow Super Giants,Gujarat Titans,Lucknow Super Giants,bat,Lucknow Super Giants,runs,33.0,164.0,20.0,N,,A Nand Kishore,VK Sharma
1426260,2024,Chennai,2024-04-08,League,RA Jadeja,"MA Chidambaram Stadium, Chepauk, Chennai",Kolkata Knight Riders,Chennai Super Kings,Chennai Super Kings,field,Chennai Super Kings,wickets,7.0,138.0,20.0,N,,AK Chaudhary,MV Saidharshan Kumar
1426261,2024,Mohali,2024-04-09,League,Nithish Kumar Reddy,"Maharaja Yadavindra Singh International Cricket Stadium, Mullanpur",Sunrisers Hyderabad,Punjab Kings,Punjab Kings,field,Sunrisers Hyderabad,runs,2.0,183.0,20.0,N,,Navdeep Singh,NA Patwardhan
1426262,2024,Jaipur,2024-04-10,League,Rashid Khan,"Sawai Mansingh Stadium, Jaipur",Rajasthan Royals,Gujarat Titans,Gujarat Titans,field,Gujarat Titans,wickets,3.0,197.0,20.0,N,,HDPK Dharmasena,Vinod Seshan
1426263,2024,Mumbai,2024-04-11,League,JJ Bumrah,"Wankhede Stadium, Mumbai",Royal Challengers Bengaluru,Mumbai Indians,Mumbai Indians,field,Mumbai Indians,wickets,7.0,197.0,20.0,N,,Nitin Menon,VA Kulkarni
1426264,2024,Lucknow,2024-04-12,League,Kuldeep Yadav,"Bharat Ratna Shri Atal Bihari Vajpayee Ekana Cricket Stadium, Lucknow",Lucknow Super Giants,Delhi Capitals,Lucknow Super Giants,bat,Delhi Capitals,wickets,6.0,168.0,20.0,N,,R Pandit,YC Barde
1426265,2024,Mohali,2024-04-13,League,SO Hetmyer,"Maharaja Yadavindra Singh International Cricket Stadium, Mullanpur",Punjab Kings,Rajasthan Royals,Rajasthan Royals,field,Rajasthan Royals,wickets,3.0,148.0,20.0,N,,AK Chaudhary,Tapan Sharma
1426266,2024,Kolkata,2024-04-14,League,PD Salt,"Eden Gardens, Kolkata",Lucknow Super Giants,Kolkata Knight Riders,Kolkata Knight Riders,field,Kolkata Knight Riders,wickets,8.0,162.0,20.0,N,,A Totre,Vinod Seshan
1426267,2024,Mumbai,2024-04-14,League,M Pathirana,"Wankhede Stadium, Mumbai",Chennai Super Kings,Mumbai Indians,Mumbai Indians,field,Chennai Super Kings,runs,20.0,207.0,20.0,N,,Nitin Menon,HAS Khalid
1426268,2024,Bengaluru,2024-04-15,League,TM Head,"M Chinnaswamy Stadium, Bengaluru",Sunrisers Hyderabad,Royal Challengers Bengaluru,Royal Challengers Bengaluru,field,Sunrisers Hyderabad,runs,25.0,288.0,20.0,N,,AK Chaudhary,R Pandit
1426269,2024,Kolkata,2024-04-16,League,JC Buttler,"Eden Gardens, Kolkata",Kolkata Knight Riders,Rajasthan Royals,Rajasthan Royals,field,Rajasthan Royals,wickets,2.0,224.0,20.0,N,,MA Gough,UV Gandhe
1426270,2024,Ahmedabad,2024-04-17,League,RR Pant,"Narendra Modi Stadium, Ahmedabad",Gujarat Titans,Delhi Capitals,Delhi Capitals,field,Delhi Capitals,wickets,6.0,90.0,20.0,N,,NA Patwardhan,VK Sharma
1426271,2024,Mohali,2024-04-18,League,JJ Bumrah,"Maharaja Yadavindra Singh International Cricket Stadium, Mullanpur",Mumbai Indians,Punjab Kings,Punjab Kings,field,Mumbai Indians,runs,9.0,193.0,20.0,N,,A Nand Kishore,VA Kulkarni
1426272,2024,Lucknow,2024-04-19,League,KL Rahul,"Bharat Ratna Shri Atal Bihari Vajpayee Ekana Cricket Stadium, Lucknow",Chennai Super Kings,Lucknow Super Giants,Lucknow Super Giants,field,Lucknow Super Giants,wickets,8.0,177.0,20.0,N,,AK Chaudhary,R Pandit
1426273,2024,Delhi,2024-04-20,League,TM Head,"Arun Jaitley Stadium, Delhi",Sunrisers Hyderabad,Delhi Capitals,Delhi Capitals,field,Sunrisers Hyderabad,runs,67.0,267.0,20.0,N,,J Madanagopal,Navdeep Singh
1426274,2024,Kolkata,2024-04-21,League,AD Russell,"Eden Gardens, Kolkata",Kolkata Knight Riders,Royal Challengers Bengaluru,Royal Challengers Bengaluru,field,Kolkata Knight Riders,runs,1.0,223.0,20.0,N,,A Totre,Vinod Seshan
1426275,2024,Mohali,2024-04-21,League,R Sai Kishore,"Maharaja Yadavindra Singh International Cricket Stadium, Mullanpur",Punjab Kings,Gujarat Titans,Punjab Kings,bat,Gujarat Titans,wickets,3.0,143.0,20.0,N,,A Nand Kishore,VA Kulkarni
1426276,2024,Jaipur,2024-04-22,League,Sandeep Sharma,"Sawai Mansingh Stadium, Jaipur",Mumbai Indians,Rajasthan Royals,Mumbai Indians,bat,Rajasthan Royals,wickets,9.0,180.0,20.0,N,,AK Chaudhary,MV Saidharshan Kumar
1426277,2024,Chennai,2024-04-23,League,MP Stoinis,"MA Chidambaram Stadium, Chepauk, Chennai",Chennai Super Kings,Lucknow Super Giants,Lucknow Super Giants,field,Lucknow Super Giants,wickets,6.0,211.0,20.0,N,,NA Patwardhan,Tapan Sharma
1426278,2024,Delhi,2024-04-24,League,RR Pant,"Arun Jaitley Stadium, Delhi",Delhi Capitals,Gujarat Titans,Gujarat Titans,field,Delhi Capitals,runs,4.0,225.0,20.0,N,,KN Ananthapadmanabhan,UV Gandhe
1426279,2024,Hyderabad,2024-04-25,League,RM Patidar,"Rajiv Gandhi International Stadium, Uppal, Hyderabad",Royal Challengers Bengaluru,Sunrisers Hyderabad,Royal Challengers Bengaluru,bat,Royal Challengers Bengaluru,runs,35.0,207.0,20.0,N,,Nitin Menon,HAS Khalid
1426280,2024,Kolkata,2024-04-26,League,JM Bairstow,"Eden Gardens, Kolkata",Kolkata Knight Riders,Punjab Kings,Punjab Kings,field,Punjab Kings,wickets,8.0,262.0,20.0,N,,AK Chaudhary,YC Barde
1426281,2024,Delhi,2024-04-27,League,J Fraser-McGurk,"Arun Jaitley Stadium, Delhi",Delhi Capitals,Mumbai Indians,Mumbai Indians,field,Delhi Capitals,runs,10.0,258.0,20.0,N,,Navdeep Singh,NA Patwardhan
1426282,2024,Lucknow,2024-04-27,League,SV Samson,"Bharat Ratna Shri Atal Bihari Vajpayee Ekana Cricket Stadium, Lucknow",Lucknow Super Giants,Rajasthan Royals,Rajasthan Royals,field,Rajasthan Royals,wickets,7.0,197.0,20.0,N,,KN Ananthapadmanabhan,MA Gough
1426283,2024,Ahmedabad,2024-04-28,League,WG Jacks,"Narendra Modi Stadium, Ahmedabad",Gujarat Titans,Royal Challengers Bengaluru,Royal Challengers Bengaluru,field,Royal Challengers Bengaluru,wickets,9.0,201.0,20.0,N,,Nitin Menon,VK Sharma
1426284,2024,Chennai,2024-04-28,League,RD Gaikwad,"MA Chidambaram Stadium, Chepauk, Chennai",Chennai Super Kings,Sunrisers Hyderabad,Sunrisers Hyderabad,field,Chennai Super Kings,runs,78.0,213.0,20.0,N,,R Pandit,MV Saidharshan Kumar
1426285,2024,Kolkata,2024-04-29,League,CV Varun,"Eden Gardens, Kolkata",Delhi Capitals,Kolkata Knight Riders,Delhi Capitals,bat,Kolkata Knight Riders,wickets,7.0,154.0,20.0,N,,Navdeep Singh,Tapan Sharma
1426286,2024,Lucknow,2024-04-30,League,MP Stoinis,"Bharat Ratna Shri Atal Bihari Vajpayee Ekana Cricket Stadium, Lucknow",Mumbai Indians,Lucknow Super Giants,Lucknow Super Giants,field,Lucknow Super Giants,wickets,4.0,145.0,20.0,N,,MA Gough,UV Gandhe
1426287,2024,Chennai,2024-05-01,League,Harpreet Brar,"MA Chidambaram Stadium, Chepauk, Chennai",Chennai Super Kings,Punjab Kings,Punjab Kings,field,Punjab Kings,wickets,7.0,163.0,20.0,N,,HAS Khalid,VK Sharma
1426288,2024,Hyderabad,2024-05-02,League,B Kumar,"Rajiv Gandhi International Stadium, Uppal, Hyderabad",Sunrisers Hyderabad,Rajasthan Royals,Sunrisers Hyderabad,bat,Sunrisers Hyderabad,runs,1.0,202.0,20.0,N,,AK Chaudhary,YC Barde
1426289,2024,Mumbai,2024-05-03,League,VR Iyer,"Wankhede Stadium, Mumbai",Kolkata Knight Riders,Mumbai Indians,Mumbai Indians,field,Kolkata Knight Riders,runs,24.0,170.0,20.0,N,,J Madanagopal,Tapan Sharma
1426290,2024,Bengaluru,2024-05-04,League,Mohammed Siraj,"M Chinnaswamy Stadium, Bengaluru",Gujarat Titans,Royal Challengers Bengaluru,Royal Challengers Bengaluru,field,Royal Challengers Bengaluru,wickets,4.0,148.0,20.0,N,,A Totre,Vinod Seshan
1426291,2024,Dharamsala,2024-05-05,League,RA Jadeja,"Himachal Pradesh Cricket Association Stadium, Dharamsala",Chennai Super Kings,Punjab Kings,Punjab Kings,field,Chennai Super Kings,runs,28.0,168.0,20.0,N,,A Nand Kishore,VA Kulkarni
1426292,2024,Lucknow,2024-05-05,League,SP Narine,"Bharat Ratna Shri Atal Bihari Vajpayee Ekana Cricket Stadium, Lucknow",Kolkata Knight Riders,Lucknow Super Giants,Lucknow Super Giants,field,Kolkata Knight Riders,runs,98.0,236.0,20.0,N,,MV Saidharshan Kumar,YC Barde
1426293,2024,Mumbai,2024-05-06,League,SA Yadav,"Wankhede Stadium, Mumbai",Sunrisers Hyderabad,Mumbai Indians,Mumbai Indians,field,Mumbai Indians,wickets,7.0,174.0,20.0,N,,Navdeep Singh,Tapan Sharma
1426294,2024,Delhi,2024-05-07,League,Kuldeep Yadav,"Arun Jaitley Stadium, Delhi",Delhi Capitals,Rajasthan Royals,Rajasthan Royals,field,Delhi Capitals,runs,20.0,222.0,20.0,N,,KN Ananthapadmanabhan,UV Gandhe
1426295,2024,Hyderabad,2024-05-08,League,TM Head,"Rajiv Gandhi International Stadium, Uppal, Hyderabad",Lucknow Super Giants,Sunrisers Hyderabad,Lucknow Super Giants,bat,Sunrisers Hyderabad,wickets,10.0,166.0,20.0,N,,MV Saidharshan Kumar,YC Barde
1426296,2024,Dharamsala,2024-05-09,League,V Kohli,"Himachal Pradesh Cricket Association Stadium, Dharamsala",Royal Challengers Bengaluru,Punjab Kings,Punjab Kings,field,Royal Challengers Bengaluru,runs,60.0,242.0,20.0,N,,Nitin Menon,HAS Khalid
1426297,2024,Ahmedabad,2024-05-10,League,Shubman Gill,"Narendra Modi Stadium, Ahmedabad",Gujarat Titans,Chennai Super Kings,Chennai Super Kings,field,Gujarat Titans,runs,35.0,232.0,20.0,N,,KN Ananthapadmanabhan,NA Patwardhan
1426298,2024,Kolkata,2024-05-11,League,CV Varun,"Eden Gardens, Kolkata",Kolkata Knight Riders,Mumbai Indians,Mumbai Indians,field,Kolkata Knight Riders,runs,18.0,158.0,16.0,N,,UV Gandhe,Vinod Seshan
1426299,2024,Chennai,2024-05-12,League,Simarjeet Singh,"MA Chidambaram Stadium, Chepauk, Chennai",Rajasthan Royals,Chennai Super Kings,Rajasthan Royals,bat,Chennai Super Kings,wickets,5.0,142.0,20.0,N,,R Pandit,YC Barde
1426300,2024,Bengaluru,2024-05-12,League,C Green,"M Chinnaswamy Stadium, Bengaluru",Royal Challengers Bengaluru,Delhi Capitals,Delhi Capitals,field,Royal Challengers Bengaluru,runs,47.0,188.0,20.0,N,,A Nand Kishore,VA Kulkarni
1426302,2024,Delhi,2024-05-14,League,I Sharma,"Arun Jaitley Stadium, Delhi",Delhi Capitals,Lucknow Super Giants,Lucknow Super Giants,field,Delhi Capitals,runs,19.0,209.0,20.0,N,,A Totre,Vinod Seshan
1426303,2024,Guwahati,2024-05-15,League,SM Curran,"Barsapara Cricket Stadium, Guwahati",Rajasthan Royals,Punjab Kings,Rajasthan Royals,bat,Punjab Kings,wickets,5.0,145.0,20.0,N,,R Pandit,MV Saidharshan Kumar
1426305,2024,Mumbai,2024-05-17,League,N Pooran,"Wankhede Stadium, Mumbai",Lucknow Super Giants,Mumbai Indians,Mumbai Indians,field,Lucknow Super Giants,runs,18.0,215.0,20.0,N,,Navdeep Singh,R Pandit
1426306,2024,Bengaluru,2024-05-18,League,F du Plessis,"M Chinnaswamy Stadium, Bengaluru",Royal Challengers Bengaluru,Chennai Super Kings,Chennai Super Kings,field,Royal Challengers Bengaluru,runs,27.0,219.0,20.0,N,,A Totre,KN Ananthapadmanabhan
1426307,2024,Hyderabad,2024-05-19,League,Abhishek Sharma,"Rajiv Gandhi International Stadium, Uppal, Hyderabad",Punjab Kings,Sunrisers Hyderabad,Punjab Kings,bat,Sunrisers Hyderabad,wickets,4.0,215.0,20.0,N,,Nitin Menon,VK Sharma
1426309,2024,Ahmedabad,2024-05-21,Qualifier 1,MA Starc,"Narendra Modi Stadium, Ahmedabad",Sunrisers Hyderabad,Kolkata Knight Riders,Sunrisers Hyderabad,bat,Kolkata Knight Riders,wickets,8.0,160.0,20.0,N,,AK Chaudhary,R Pandit
1426310,2024,Ahmedabad,2024-05-22,Eliminator,R Ashwin,"Narendra Modi Stadium, Ahmedabad",Royal Challengers Bengaluru,Rajasthan Royals,Rajasthan Royals,field,Rajasthan Royals,wickets,4.0,173.0,20.0,N,,KN Ananthapadmanabhan,MV Saidharshan Kumar
1426311,2024,Chennai,2024-05-24,Qualifier 2,Shahbaz Ahmed,"MA Chidambaram Stadium, Chepauk, Chennai",Sunrisers Hyderabad,Rajasthan Royals,Rajasthan Royals,field,Sunrisers Hyderabad,runs,36.0,176.0,20.0,N,,Nitin Menon,VK Sharma
1426312,2024,Chennai,2024-05-26,Final,MA Starc,"MA Chidambaram Stadium, Chepauk, Chennai",Sunrisers Hyderabad,Kolkata Knight Riders,Sunrisers Hyderabad,bat,Kolkata Knight Riders,wickets,8.0,114.0,20.0,N,,J Madanagopal,Nitin Menon
